image_name,angular_z,linear_x
image_2024-04-10_16:30:02_936618.jpeg,0.0,0.3645
image_2024-04-10_16:30:03_067259.jpeg,0.0,0.3645
image_2024-04-10_16:30:03_200711.jpeg,0.0,0.3645
image_2024-04-10_16:30:03_336878.jpeg,0.0,0.3645
image_2024-04-10_16:30:03_466987.jpeg,0.0,0.3645
image_2024-04-10_16:30:03_600695.jpeg,1.2100000000000002,0.3645
image_2024-04-10_16:30:03_736969.jpeg,0.0,0.3645
image_2024-04-10_16:30:03_869519.jpeg,0.0,0.3645
image_2024-04-10_16:30:04_003107.jpeg,0.0,0.3645
image_2024-04-10_16:30:04_134682.jpeg,0.0,0.3645
image_2024-04-10_16:30:04_270615.jpeg,0.0,0.3645
image_2024-04-10_16:30:04_402991.jpeg,0.0,0.3645
image_2024-04-10_16:30:04_536964.jpeg,0.0,0.3645
image_2024-04-10_16:30:04_667350.jpeg,0.0,0.3645
image_2024-04-10_16:30:04_803276.jpeg,0.0,0.3645
image_2024-04-10_16:30:04_937550.jpeg,0.0,0.3645
image_2024-04-10_16:30:05_070387.jpeg,0.0,0.3645
image_2024-04-10_16:30:05_201285.jpeg,0.0,0.3645
image_2024-04-10_16:30:05_338067.jpeg,0.0,0.3645
image_2024-04-10_16:30:05_470658.jpeg,0.0,0.3645
image_2024-04-10_16:30:05_601743.jpeg,0.0,0.3645
image_2024-04-10_16:30:05_737269.jpeg,0.0,0.3645
image_2024-04-10_16:30:05_867370.jpeg,0.0,0.3645
image_2024-04-10_16:30:06_001875.jpeg,0.0,0.3645
image_2024-04-10_16:30:06_138233.jpeg,0.0,0.3645
image_2024-04-10_16:30:06_267862.jpeg,0.0,0.3645
image_2024-04-10_16:30:06_403861.jpeg,0.0,0.3645
image_2024-04-10_16:30:06_538131.jpeg,0.0,0.3645
image_2024-04-10_16:30:06_667627.jpeg,0.0,0.3645
image_2024-04-10_16:30:06_804588.jpeg,0.0,0.3645
image_2024-04-10_16:30:06_937584.jpeg,0.0,0.3645
image_2024-04-10_16:30:07_070532.jpeg,0.0,0.3645
image_2024-04-10_16:30:07_204909.jpeg,0.0,0.3645
image_2024-04-10_16:30:07_336478.jpeg,0.0,0.3645
image_2024-04-10_16:30:07_467900.jpeg,0.0,0.3645
image_2024-04-10_16:30:07_604037.jpeg,0.0,0.3645
image_2024-04-10_16:30:07_737441.jpeg,0.0,0.3645
image_2024-04-10_16:30:07_870028.jpeg,0.0,0.3645
image_2024-04-10_16:30:08_003401.jpeg,0.0,0.3645
image_2024-04-10_16:30:08_136426.jpeg,0.0,0.3645
image_2024-04-10_16:30:08_268299.jpeg,0.0,0.3645
image_2024-04-10_16:30:08_402217.jpeg,0.0,0.3645
image_2024-04-10_16:30:08_538906.jpeg,0.0,0.3645
image_2024-04-10_16:30:08_668021.jpeg,0.0,0.3645
image_2024-04-10_16:30:08_804624.jpeg,0.0,0.3645
image_2024-04-10_16:30:08_936994.jpeg,0.0,0.3645
image_2024-04-10_16:30:09_068507.jpeg,0.0,0.3645
image_2024-04-10_16:30:09_205716.jpeg,0.0,0.3645
image_2024-04-10_16:30:09_336749.jpeg,0.0,0.3645
image_2024-04-10_16:30:09_468804.jpeg,0.0,0.3645
image_2024-04-10_16:30:09_604660.jpeg,0.0,0.3645
image_2024-04-10_16:30:09_737123.jpeg,0.0,0.3645
image_2024-04-10_16:30:09_870922.jpeg,0.0,0.3645
image_2024-04-10_16:30:10_002872.jpeg,0.0,0.3645
image_2024-04-10_16:30:10_138452.jpeg,0.0,0.3645
image_2024-04-10_16:30:10_270854.jpeg,0.0,0.3645
image_2024-04-10_16:30:10_404187.jpeg,0.0,0.3645
image_2024-04-10_16:30:10_538237.jpeg,0.0,0.3645
image_2024-04-10_16:30:10_670316.jpeg,0.0,0.3645
image_2024-04-10_16:30:10_805069.jpeg,0.0,0.3645
image_2024-04-10_16:30:10_936747.jpeg,0.0,0.3645
image_2024-04-10_16:30:11_069138.jpeg,0.0,0.3645
image_2024-04-10_16:30:11_204753.jpeg,0.0,0.3645
image_2024-04-10_16:30:11_339446.jpeg,0.0,0.3645
image_2024-04-10_16:30:11_471077.jpeg,0.0,0.3645
image_2024-04-10_16:30:11_605528.jpeg,0.0,0.3645
image_2024-04-10_16:30:11_739253.jpeg,0.0,0.3645
image_2024-04-10_16:30:11_871375.jpeg,0.0,0.3645
image_2024-04-10_16:30:12_004814.jpeg,1.2100000000000002,0.3645
image_2024-04-10_16:30:12_139024.jpeg,1.2100000000000002,0.3645
image_2024-04-10_16:30:12_271343.jpeg,1.2100000000000002,0.3645
image_2024-04-10_16:30:12_403498.jpeg,1.2100000000000002,0.3645
image_2024-04-10_16:30:12_537584.jpeg,0.0,0.3645
image_2024-04-10_16:30:12_669370.jpeg,0.0,0.3645
image_2024-04-10_16:30:12_805494.jpeg,1.2100000000000002,0.3645
image_2024-04-10_16:30:12_937744.jpeg,1.2100000000000002,0.3645
image_2024-04-10_16:30:13_073887.jpeg,1.2100000000000002,0.3645
image_2024-04-10_16:30:13_207821.jpeg,1.2100000000000002,0.3645
image_2024-04-10_16:30:13_337442.jpeg,1.2100000000000002,0.3645
image_2024-04-10_16:30:13_471182.jpeg,1.2100000000000002,0.3645
image_2024-04-10_16:30:13_603997.jpeg,1.2100000000000002,0.3645
image_2024-04-10_16:30:13_739791.jpeg,1.2100000000000002,0.3645
image_2024-04-10_16:30:13_871843.jpeg,0.0,0.3645
image_2024-04-10_16:30:14_006114.jpeg,0.0,0.3645
image_2024-04-10_16:30:14_140636.jpeg,-1.2100000000000002,0.3645
image_2024-04-10_16:30:14_273003.jpeg,0.0,0.3645
image_2024-04-10_16:30:14_406662.jpeg,0.0,0.3645
image_2024-04-10_16:30:14_538006.jpeg,1.2100000000000002,0.3645
image_2024-04-10_16:30:14_672312.jpeg,1.2100000000000002,0.3645
image_2024-04-10_16:30:14_806370.jpeg,0.0,0.3645
image_2024-04-10_16:30:14_939837.jpeg,0.0,0.3645
image_2024-04-10_16:30:15_073385.jpeg,-1.2100000000000002,0.3645
image_2024-04-10_16:30:15_206684.jpeg,0.0,0.3645
image_2024-04-10_16:30:15_338323.jpeg,0.0,0.3645
image_2024-04-10_16:30:15_471924.jpeg,0.0,0.3645
image_2024-04-10_16:30:15_605987.jpeg,0.0,0.3645
image_2024-04-10_16:30:15_740440.jpeg,0.0,0.3645
image_2024-04-10_16:30:15_872701.jpeg,0.0,0.3645
image_2024-04-10_16:30:16_006801.jpeg,0.0,0.3645
image_2024-04-10_16:30:16_138354.jpeg,0.0,0.3645
image_2024-04-10_16:30:16_271755.jpeg,0.0,0.3645
image_2024-04-10_16:30:16_405771.jpeg,0.0,0.3645
image_2024-04-10_16:30:16_540334.jpeg,0.0,0.3645
image_2024-04-10_16:30:16_672679.jpeg,0.0,0.3645
image_2024-04-10_16:30:16_803909.jpeg,0.0,0.3645
image_2024-04-10_16:30:16_938647.jpeg,0.0,0.3645
image_2024-04-10_16:30:17_073368.jpeg,0.0,0.3645
image_2024-04-10_16:30:17_205351.jpeg,0.0,0.3645
image_2024-04-10_16:30:17_340377.jpeg,0.0,0.3645
image_2024-04-10_16:30:17_470305.jpeg,0.0,0.3645
image_2024-04-10_16:30:17_606738.jpeg,0.0,0.3645
image_2024-04-10_16:30:17_740234.jpeg,0.0,0.3645
image_2024-04-10_16:30:17_870212.jpeg,0.0,0.3645
image_2024-04-10_16:30:18_007233.jpeg,0.0,0.3645
image_2024-04-10_16:30:18_139169.jpeg,0.0,0.3645
image_2024-04-10_16:30:18_271347.jpeg,0.0,0.3645
image_2024-04-10_16:30:18_405522.jpeg,0.0,0.3645
image_2024-04-10_16:30:18_539355.jpeg,0.0,0.3645
image_2024-04-10_16:30:18_673184.jpeg,0.0,0.3645
image_2024-04-10_16:30:18_806671.jpeg,0.0,0.3645
image_2024-04-10_16:30:18_941470.jpeg,0.0,0.3645
image_2024-04-10_16:30:19_072383.jpeg,1.2100000000000002,0.3645
image_2024-04-10_16:30:19_205369.jpeg,1.2100000000000002,0.3645
image_2024-04-10_16:30:19_340705.jpeg,1.2100000000000002,0.3645
image_2024-04-10_16:30:19_473104.jpeg,1.2100000000000002,0.3645
image_2024-04-10_16:30:19_604637.jpeg,0.0,0.3645
image_2024-04-10_16:30:19_741255.jpeg,0.0,0.3645
image_2024-04-10_16:30:19_872883.jpeg,1.2100000000000002,0.3645
image_2024-04-10_16:30:20_005452.jpeg,1.2100000000000002,0.3645
image_2024-04-10_16:30:20_141232.jpeg,1.2100000000000002,0.3645
image_2024-04-10_16:30:20_271254.jpeg,1.2100000000000002,0.3645
image_2024-04-10_16:30:20_405667.jpeg,1.2100000000000002,0.3645
image_2024-04-10_16:30:20_540003.jpeg,1.2100000000000002,0.3645
image_2024-04-10_16:30:20_671902.jpeg,1.2100000000000002,0.3645
image_2024-04-10_16:30:20_805422.jpeg,1.2100000000000002,0.3645
image_2024-04-10_16:30:20_941879.jpeg,1.2100000000000002,0.3645
image_2024-04-10_16:30:21_075767.jpeg,1.2100000000000002,0.3645
image_2024-04-10_16:30:21_206036.jpeg,0.0,0.3645
image_2024-04-10_16:30:21_341416.jpeg,0.0,0.3645
image_2024-04-10_16:30:21_472472.jpeg,0.0,0.3645
image_2024-04-10_16:30:21_605905.jpeg,0.0,0.3645
image_2024-04-10_16:30:21_740216.jpeg,0.0,0.3645
image_2024-04-10_16:30:21_874497.jpeg,0.0,0.3645
image_2024-04-10_16:30:22_006863.jpeg,0.0,0.3645
image_2024-04-10_16:30:22_142161.jpeg,0.0,0.3645
image_2024-04-10_16:30:22_274446.jpeg,0.0,0.3645
image_2024-04-10_16:30:22_406708.jpeg,0.0,0.3645
image_2024-04-10_16:30:22_542953.jpeg,0.0,0.3645
image_2024-04-10_16:30:22_760175.jpeg,0.0,0.3645
image_2024-04-10_16:30:22_874513.jpeg,0.0,0.3645
image_2024-04-10_16:30:23_006850.jpeg,0.0,0.3645
image_2024-04-10_16:30:23_143011.jpeg,0.0,0.3645
image_2024-04-10_16:30:23_272443.jpeg,0.0,0.3645
image_2024-04-10_16:30:23_407840.jpeg,0.0,0.3645
image_2024-04-10_16:30:23_541902.jpeg,0.0,0.3645
image_2024-04-10_16:30:23_674403.jpeg,0.0,0.3645
image_2024-04-10_16:30:23_806193.jpeg,0.0,0.3645
image_2024-04-10_16:30:23_943359.jpeg,0.0,0.3645
image_2024-04-10_16:30:24_075242.jpeg,0.0,0.3645
image_2024-04-10_16:30:24_208757.jpeg,1.2100000000000002,0.3645
image_2024-04-10_16:30:24_342828.jpeg,1.2100000000000002,0.3645
image_2024-04-10_16:30:24_472815.jpeg,1.2100000000000002,0.3645
image_2024-04-10_16:30:24_608976.jpeg,1.2100000000000002,0.3645
image_2024-04-10_16:30:24_741079.jpeg,0.0,0.3645
image_2024-04-10_16:30:24_874783.jpeg,0.0,0.3645
image_2024-04-10_16:30:25_008962.jpeg,0.0,0.3645
image_2024-04-10_16:30:25_142988.jpeg,1.2100000000000002,0.3645
image_2024-04-10_16:30:25_274471.jpeg,1.2100000000000002,0.3645
image_2024-04-10_16:30:25_408769.jpeg,1.2100000000000002,0.3645
image_2024-04-10_16:30:25_541354.jpeg,1.2100000000000002,0.3645
image_2024-04-10_16:30:25_673526.jpeg,1.2100000000000002,0.3645
image_2024-04-10_16:30:25_808536.jpeg,1.2100000000000002,0.3645
image_2024-04-10_16:30:25_941193.jpeg,1.2100000000000002,0.3645
image_2024-04-10_16:30:26_080825.jpeg,1.2100000000000002,0.3645
image_2024-04-10_16:30:26_210707.jpeg,1.2100000000000002,0.3645
image_2024-04-10_16:30:26_344090.jpeg,0.0,0.3645
image_2024-04-10_16:30:26_473726.jpeg,0.0,0.3645
image_2024-04-10_16:30:26_607676.jpeg,0.0,0.3645
image_2024-04-10_16:30:26_743719.jpeg,0.0,0.3645
image_2024-04-10_16:30:26_873358.jpeg,0.0,0.3645
image_2024-04-10_16:30:27_007333.jpeg,0.0,0.3645
image_2024-04-10_16:30:27_143461.jpeg,0.0,0.3645
image_2024-04-10_16:30:27_273374.jpeg,0.0,0.3645
image_2024-04-10_16:30:27_409543.jpeg,0.0,0.3645
image_2024-04-10_16:30:27_544242.jpeg,0.0,0.3645
image_2024-04-10_16:30:27_675602.jpeg,0.0,0.3645
image_2024-04-10_16:30:27_807623.jpeg,0.0,0.3645
image_2024-04-10_16:30:27_943369.jpeg,0.0,0.3645
image_2024-04-10_16:30:28_074095.jpeg,0.0,0.3645
image_2024-04-10_16:30:28_207072.jpeg,0.0,0.3645
image_2024-04-10_16:30:28_341367.jpeg,0.0,0.3645
image_2024-04-10_16:30:28_475819.jpeg,0.0,0.3645
image_2024-04-10_16:30:28_607734.jpeg,0.0,0.3645
image_2024-04-10_16:30:28_742036.jpeg,0.0,0.3645
image_2024-04-10_16:30:28_874110.jpeg,0.0,0.3645
image_2024-04-10_16:30:29_009187.jpeg,0.0,0.3645
image_2024-04-10_16:30:29_142710.jpeg,0.0,0.3645
image_2024-04-10_16:30:29_276876.jpeg,0.0,0.3645
image_2024-04-10_16:30:29_408000.jpeg,1.2100000000000002,0.3645
image_2024-04-10_16:30:29_544360.jpeg,1.2100000000000002,0.3645
image_2024-04-10_16:30:29_674046.jpeg,1.2100000000000002,0.3645
image_2024-04-10_16:30:29_807437.jpeg,1.2100000000000002,0.3645
image_2024-04-10_16:30:29_942714.jpeg,1.2100000000000002,0.3645
image_2024-04-10_16:30:30_074991.jpeg,1.2100000000000002,0.3645
image_2024-04-10_16:30:30_211314.jpeg,1.2100000000000002,0.3645
image_2024-04-10_16:30:30_345685.jpeg,1.2100000000000002,0.3645
image_2024-04-10_16:30:30_474843.jpeg,1.2100000000000002,0.3645
image_2024-04-10_16:30:30_609998.jpeg,1.2100000000000002,0.3645
image_2024-04-10_16:30:30_742153.jpeg,1.2100000000000002,0.3645
image_2024-04-10_16:30:30_877050.jpeg,1.2100000000000002,0.3645
image_2024-04-10_16:30:31_012251.jpeg,1.2100000000000002,0.3645
image_2024-04-10_16:30:31_142939.jpeg,1.2100000000000002,0.3645
image_2024-04-10_16:30:31_277667.jpeg,1.2100000000000002,0.3645
image_2024-04-10_16:30:31_409991.jpeg,1.2100000000000002,0.3645
image_2024-04-10_16:30:31_545392.jpeg,0.0,0.3645
image_2024-04-10_16:30:31_676579.jpeg,-1.2100000000000002,0.3645
image_2024-04-10_16:30:31_809058.jpeg,-1.2100000000000002,0.3645
image_2024-04-10_16:30:31_946643.jpeg,0.0,0.3645
image_2024-04-10_16:30:32_077331.jpeg,0.0,0.3645
image_2024-04-10_16:30:32_209586.jpeg,0.0,0.3645
image_2024-04-10_16:30:32_345335.jpeg,0.0,0.3645
image_2024-04-10_16:30:32_477407.jpeg,0.0,0.3645
image_2024-04-10_16:30:32_610700.jpeg,1.2100000000000002,0.3645
image_2024-04-10_16:30:32_745622.jpeg,1.2100000000000002,0.3645
image_2024-04-10_16:30:32_877588.jpeg,1.2100000000000002,0.3645
image_2024-04-10_16:30:33_011590.jpeg,1.2100000000000002,0.3645
image_2024-04-10_16:30:33_142921.jpeg,1.2100000000000002,0.3645
image_2024-04-10_16:30:33_277341.jpeg,1.2100000000000002,0.3645
image_2024-04-10_16:30:33_411689.jpeg,1.2100000000000002,0.3645
image_2024-04-10_16:30:33_545683.jpeg,1.2100000000000002,0.3645
image_2024-04-10_16:30:33_677318.jpeg,1.2100000000000002,0.3645
image_2024-04-10_16:30:33_809894.jpeg,1.2100000000000002,0.3645
image_2024-04-10_16:30:33_945562.jpeg,1.2100000000000002,0.3645
image_2024-04-10_16:30:34_075197.jpeg,1.2100000000000002,0.3645
image_2024-04-10_16:30:34_211288.jpeg,1.2100000000000002,0.3645
image_2024-04-10_16:30:34_345787.jpeg,0.0,0.3645
image_2024-04-10_16:30:34_477830.jpeg,0.0,0.3645
image_2024-04-10_16:30:34_611040.jpeg,-1.2100000000000002,0.3645
image_2024-04-10_16:30:34_744125.jpeg,0.0,0.3645
image_2024-04-10_16:30:34_877878.jpeg,0.0,0.3645
image_2024-04-10_16:30:35_011582.jpeg,0.0,0.3645
image_2024-04-10_16:30:35_146977.jpeg,0.0,0.3645
image_2024-04-10_16:30:35_277289.jpeg,0.0,0.3645
image_2024-04-10_16:30:35_409370.jpeg,0.0,0.3645
image_2024-04-10_16:31:14_622375.jpeg,0.0,0.3645
image_2024-04-10_16:31:14_758919.jpeg,0.0,0.3645
image_2024-04-10_16:31:14_890448.jpeg,0.0,0.3645
image_2024-04-10_16:31:15_023695.jpeg,0.0,0.3645
image_2024-04-10_16:31:15_157047.jpeg,0.0,0.3645
image_2024-04-10_16:31:15_293337.jpeg,0.0,0.3645
image_2024-04-10_16:31:15_423898.jpeg,0.0,0.3645
image_2024-04-10_16:31:15_557958.jpeg,0.0,0.3645
image_2024-04-10_16:31:15_689599.jpeg,0.0,0.3645
image_2024-04-10_16:31:15_826138.jpeg,1.2100000000000002,0.3645
image_2024-04-10_16:31:15_959063.jpeg,0.0,0.3645
image_2024-04-10_16:31:16_090403.jpeg,0.0,0.3645
image_2024-04-10_16:31:16_225907.jpeg,0.0,0.3645
image_2024-04-10_16:31:16_359702.jpeg,0.0,0.3645
image_2024-04-10_16:31:16_491472.jpeg,0.0,0.3645
image_2024-04-10_16:31:16_623304.jpeg,0.0,0.3645
image_2024-04-10_16:31:16_760609.jpeg,0.0,0.3645
image_2024-04-10_16:31:16_889706.jpeg,0.0,0.3645
image_2024-04-10_16:31:17_023168.jpeg,0.0,0.3645
image_2024-04-10_16:31:17_157673.jpeg,-1.2100000000000002,0.3645
image_2024-04-10_16:31:17_291712.jpeg,0.0,0.3645
image_2024-04-10_16:31:17_423784.jpeg,0.0,0.3645
image_2024-04-10_16:31:17_559348.jpeg,0.0,0.3645
image_2024-04-10_16:31:17_691703.jpeg,0.0,0.3645
image_2024-04-10_16:31:17_823854.jpeg,0.0,0.3645
image_2024-04-10_16:31:17_959728.jpeg,0.0,0.3645
image_2024-04-10_16:31:18_093115.jpeg,0.0,0.3645
image_2024-04-10_16:31:18_224135.jpeg,0.0,0.3645
image_2024-04-10_16:31:18_358414.jpeg,0.0,0.3645
image_2024-04-10_16:31:18_490188.jpeg,0.0,0.3645
image_2024-04-10_16:31:18_624141.jpeg,0.0,0.3645
image_2024-04-10_16:31:18_760331.jpeg,0.0,0.3645
image_2024-04-10_16:31:18_892374.jpeg,0.0,0.3645
image_2024-04-10_16:31:19_026309.jpeg,0.0,0.3645
image_2024-04-10_16:31:19_159117.jpeg,0.0,0.3645
image_2024-04-10_16:31:19_292456.jpeg,0.0,0.3645
image_2024-04-10_16:31:19_426390.jpeg,0.0,0.3645
image_2024-04-10_16:31:19_558096.jpeg,0.0,0.3645
image_2024-04-10_16:31:19_690549.jpeg,0.0,0.3645
image_2024-04-10_16:31:19_826863.jpeg,0.0,0.3645
image_2024-04-10_16:31:19_961629.jpeg,0.0,0.3645
image_2024-04-10_16:31:20_090707.jpeg,0.0,0.3645
image_2024-04-10_16:31:20_224930.jpeg,0.0,0.3645
image_2024-04-10_16:31:20_358460.jpeg,0.0,0.3645
image_2024-04-10_16:31:20_490559.jpeg,0.0,0.3645
image_2024-04-10_16:31:20_626768.jpeg,0.0,0.3645
image_2024-04-10_16:31:20_760604.jpeg,0.0,0.3645
image_2024-04-10_16:31:20_890532.jpeg,0.0,0.3645
image_2024-04-10_16:31:21_026618.jpeg,0.0,0.3645
image_2024-04-10_16:31:21_158645.jpeg,0.0,0.3645
image_2024-04-10_16:31:21_290440.jpeg,0.0,0.3645
image_2024-04-10_16:31:21_426648.jpeg,0.0,0.3645
image_2024-04-10_16:31:21_559686.jpeg,0.0,0.3645
image_2024-04-10_16:31:21_691111.jpeg,0.0,0.3645
image_2024-04-10_16:31:21_825185.jpeg,0.0,0.3645
image_2024-04-10_16:31:21_960838.jpeg,0.0,0.3645
image_2024-04-10_16:31:22_091595.jpeg,0.0,0.3645
image_2024-04-10_16:31:22_227343.jpeg,0.0,0.3645
image_2024-04-10_16:31:22_359801.jpeg,0.0,0.3645
image_2024-04-10_16:31:22_490890.jpeg,0.0,0.3645
image_2024-04-10_16:31:22_626777.jpeg,0.0,0.3645
image_2024-04-10_16:31:22_761744.jpeg,0.0,0.3645
image_2024-04-10_16:31:22_891453.jpeg,0.0,0.3645
image_2024-04-10_16:31:23_027467.jpeg,0.0,0.3645
image_2024-04-10_16:31:23_163615.jpeg,0.0,0.3645
image_2024-04-10_16:31:23_293515.jpeg,0.0,0.3645
image_2024-04-10_16:31:23_425421.jpeg,0.0,0.3645
image_2024-04-10_16:31:23_559699.jpeg,1.2100000000000002,0.3645
image_2024-04-10_16:31:23_692076.jpeg,1.2100000000000002,0.3645
image_2024-04-10_16:31:23_825973.jpeg,1.2100000000000002,0.3645
image_2024-04-10_16:31:23_961862.jpeg,1.2100000000000002,0.3645
image_2024-04-10_16:31:24_093337.jpeg,1.2100000000000002,0.3645
image_2024-04-10_16:31:24_227749.jpeg,1.2100000000000002,0.3645
image_2024-04-10_16:31:24_362195.jpeg,0.0,0.3645
image_2024-04-10_16:31:24_493955.jpeg,0.0,0.3645
image_2024-04-10_16:31:24_626922.jpeg,0.0,0.3645
image_2024-04-10_16:31:24_764394.jpeg,1.2100000000000002,0.3645
image_2024-04-10_16:31:24_893542.jpeg,1.2100000000000002,0.3645
image_2024-04-10_16:31:25_025399.jpeg,1.2100000000000002,0.3645
image_2024-04-10_16:31:25_161774.jpeg,1.2100000000000002,0.3645
image_2024-04-10_16:31:25_292011.jpeg,1.2100000000000002,0.3645
image_2024-04-10_16:31:25_426255.jpeg,1.2100000000000002,0.3645
image_2024-04-10_16:31:25_562230.jpeg,1.2100000000000002,0.3645
image_2024-04-10_16:31:25_692114.jpeg,1.2100000000000002,0.3645
image_2024-04-10_16:31:25_826341.jpeg,0.0,0.3645
image_2024-04-10_16:31:25_962385.jpeg,0.0,0.3645
image_2024-04-10_16:31:26_094393.jpeg,0.0,0.3645
image_2024-04-10_16:31:26_226446.jpeg,0.0,0.3645
image_2024-04-10_16:31:26_362509.jpeg,-1.2100000000000002,0.3645
image_2024-04-10_16:31:26_491973.jpeg,0.0,0.3645
image_2024-04-10_16:31:26_625982.jpeg,0.0,0.3645
image_2024-04-10_16:31:26_760343.jpeg,0.0,0.3645
image_2024-04-10_16:31:26_894792.jpeg,0.0,0.3645
image_2024-04-10_16:31:27_028459.jpeg,0.0,0.3645
image_2024-04-10_16:31:27_165799.jpeg,0.0,0.3645
image_2024-04-10_16:31:27_296698.jpeg,0.0,0.3645
image_2024-04-10_16:31:27_429712.jpeg,0.0,0.3645
image_2024-04-10_16:31:27_561721.jpeg,0.0,0.3645
image_2024-04-10_16:31:27_695105.jpeg,0.0,0.3645
image_2024-04-10_16:31:27_826661.jpeg,0.0,0.3645
image_2024-04-10_16:31:27_962818.jpeg,0.0,0.3645
image_2024-04-10_16:31:28_092414.jpeg,0.0,0.3645
image_2024-04-10_16:31:28_226427.jpeg,0.0,0.3645
image_2024-04-10_16:31:28_360641.jpeg,0.0,0.3645
image_2024-04-10_16:31:28_495253.jpeg,0.0,0.3645
image_2024-04-10_16:31:28_627375.jpeg,0.0,0.3645
image_2024-04-10_16:31:28_761452.jpeg,0.0,0.3645
image_2024-04-10_16:31:28_895329.jpeg,0.0,0.3645
image_2024-04-10_16:31:29_030292.jpeg,0.0,0.3645
image_2024-04-10_16:31:29_160722.jpeg,0.0,0.3645
image_2024-04-10_16:31:29_295035.jpeg,0.0,0.3645
image_2024-04-10_16:31:29_427765.jpeg,0.0,0.3645
image_2024-04-10_16:31:29_561641.jpeg,0.0,0.3645
image_2024-04-10_16:31:29_695943.jpeg,1.2100000000000002,0.3645
image_2024-04-10_16:31:29_829647.jpeg,0.0,0.3645
image_2024-04-10_16:31:29_962693.jpeg,0.0,0.3645
image_2024-04-10_16:31:30_093529.jpeg,0.0,0.3645
image_2024-04-10_16:31:30_227154.jpeg,0.0,0.3645
image_2024-04-10_16:31:30_363253.jpeg,0.0,0.3645
image_2024-04-10_16:31:30_493761.jpeg,0.0,0.3645
image_2024-04-10_16:31:30_628847.jpeg,0.0,0.3645
image_2024-04-10_16:31:30_761467.jpeg,0.0,0.3645
image_2024-04-10_16:31:30_895728.jpeg,0.0,0.3645
image_2024-04-10_16:31:31_029988.jpeg,1.2100000000000002,0.3645
image_2024-04-10_16:31:31_164142.jpeg,1.2100000000000002,0.3645
image_2024-04-10_16:31:31_295744.jpeg,1.2100000000000002,0.3645
image_2024-04-10_16:31:31_428609.jpeg,1.2100000000000002,0.3645
image_2024-04-10_16:31:31_563435.jpeg,1.2100000000000002,0.3645
image_2024-04-10_16:31:31_695667.jpeg,0.0,0.3645
image_2024-04-10_16:31:31_827758.jpeg,0.0,0.3645
image_2024-04-10_16:31:31_963590.jpeg,1.2100000000000002,0.3645
image_2024-04-10_16:31:32_095326.jpeg,1.2100000000000002,0.3645
image_2024-04-10_16:31:32_230325.jpeg,1.2100000000000002,0.3645
image_2024-04-10_16:31:32_363793.jpeg,1.2100000000000002,0.3645
image_2024-04-10_16:31:32_496427.jpeg,1.2100000000000002,0.3645
image_2024-04-10_16:31:32_629724.jpeg,1.2100000000000002,0.3645
image_2024-04-10_16:31:32_763593.jpeg,1.2100000000000002,0.3645
image_2024-04-10_16:31:32_896881.jpeg,1.2100000000000002,0.3645
image_2024-04-10_16:31:33_030481.jpeg,0.0,0.3645
image_2024-04-10_16:31:33_162394.jpeg,0.0,0.3645
image_2024-04-10_16:31:33_297853.jpeg,0.0,0.3645
image_2024-04-10_16:31:33_428947.jpeg,0.0,0.3645
image_2024-04-10_16:31:33_562806.jpeg,0.0,0.3645
image_2024-04-10_16:31:33_696502.jpeg,0.0,0.3645
image_2024-04-10_16:31:33_830331.jpeg,0.0,0.3645
image_2024-04-10_16:31:33_962138.jpeg,0.0,0.3645
image_2024-04-10_16:31:34_094263.jpeg,0.0,0.3645
image_2024-04-10_16:31:34_228622.jpeg,0.0,0.3645
image_2024-04-10_16:31:34_362195.jpeg,0.0,0.3645
image_2024-04-10_16:31:34_500131.jpeg,0.0,0.3645
image_2024-04-10_16:31:34_630411.jpeg,0.0,0.3645
image_2024-04-10_16:31:34_761950.jpeg,0.0,0.3645
image_2024-04-10_16:31:34_896770.jpeg,0.0,0.3645
image_2024-04-10_16:31:35_030482.jpeg,0.0,0.3645
image_2024-04-10_16:31:35_165277.jpeg,0.0,0.3645
image_2024-04-10_16:31:35_297341.jpeg,0.0,0.3645
image_2024-04-10_16:31:35_429209.jpeg,0.0,0.3645
image_2024-04-10_16:31:35_564586.jpeg,0.0,0.3645
image_2024-04-10_16:31:35_696986.jpeg,0.0,0.3645
image_2024-04-10_16:31:35_831152.jpeg,0.0,0.3645
image_2024-04-10_16:31:35_965676.jpeg,0.0,0.3645
image_2024-04-10_16:31:36_096880.jpeg,1.2100000000000002,0.3645
image_2024-04-10_16:31:36_231473.jpeg,1.2100000000000002,0.3645
image_2024-04-10_16:31:36_365058.jpeg,1.2100000000000002,0.3645
image_2024-04-10_16:31:36_495326.jpeg,1.2100000000000002,0.3645
image_2024-04-10_16:31:36_628947.jpeg,0.0,0.3645
image_2024-04-10_16:31:36_762931.jpeg,0.0,0.3645
image_2024-04-10_16:31:36_897565.jpeg,1.2100000000000002,0.3645
image_2024-04-10_16:31:37_031074.jpeg,1.2100000000000002,0.3645
image_2024-04-10_16:31:37_163334.jpeg,1.2100000000000002,0.3645
image_2024-04-10_16:31:37_296783.jpeg,1.2100000000000002,0.3645
image_2024-04-10_16:31:37_429765.jpeg,1.2100000000000002,0.3645
image_2024-04-10_16:31:37_565495.jpeg,1.2100000000000002,0.3645
image_2024-04-10_16:31:37_697797.jpeg,1.2100000000000002,0.3645
image_2024-04-10_16:31:37_829934.jpeg,1.2100000000000002,0.3645
image_2024-04-10_16:31:37_963366.jpeg,1.2100000000000002,0.3645
image_2024-04-10_16:31:38_096331.jpeg,1.2100000000000002,0.3645
image_2024-04-10_16:31:38_229652.jpeg,0.0,0.3645
image_2024-04-10_16:31:38_365443.jpeg,0.0,0.3645
image_2024-04-10_16:31:38_497788.jpeg,0.0,0.3645
image_2024-04-10_16:31:38_631206.jpeg,0.0,0.3645
image_2024-04-10_16:31:38_766242.jpeg,0.0,0.3645
image_2024-04-10_16:31:38_896810.jpeg,0.0,0.3645
image_2024-04-10_16:31:39_031972.jpeg,0.0,0.3645
image_2024-04-10_16:31:39_164868.jpeg,0.0,0.3645
image_2024-04-10_16:31:39_296172.jpeg,0.0,0.3645
image_2024-04-10_16:31:39_430360.jpeg,0.0,0.3645
image_2024-04-10_16:31:39_564162.jpeg,0.0,0.3645
image_2024-04-10_16:31:39_696359.jpeg,0.0,0.3645
image_2024-04-10_16:31:39_831481.jpeg,0.0,0.3645
image_2024-04-10_16:31:39_966529.jpeg,0.0,0.3645
image_2024-04-10_16:31:40_096402.jpeg,0.0,0.3645
image_2024-04-10_16:31:40_232906.jpeg,0.0,0.3645
image_2024-04-10_16:31:40_364792.jpeg,0.0,0.3645
image_2024-04-10_16:31:40_498451.jpeg,0.0,0.3645
image_2024-04-10_16:31:40_631999.jpeg,0.0,0.3645
image_2024-04-10_16:31:40_764372.jpeg,0.0,0.3645
image_2024-04-10_16:31:40_896779.jpeg,0.0,0.3645
image_2024-04-10_16:31:41_032235.jpeg,0.0,0.3645
image_2024-04-10_16:31:41_166771.jpeg,0.0,0.3645
image_2024-04-10_16:31:41_298758.jpeg,1.2100000000000002,0.3645
image_2024-04-10_16:31:41_432104.jpeg,1.2100000000000002,0.3645
image_2024-04-10_16:31:41_564380.jpeg,1.2100000000000002,0.3645
image_2024-04-10_16:31:41_696410.jpeg,1.2100000000000002,0.3645
image_2024-04-10_16:31:41_833056.jpeg,1.2100000000000002,0.3645
image_2024-04-10_16:31:41_964404.jpeg,1.2100000000000002,0.3645
image_2024-04-10_16:31:42_104083.jpeg,1.2100000000000002,0.3645
image_2024-04-10_16:31:42_234957.jpeg,1.2100000000000002,0.3645
image_2024-04-10_16:31:42_366140.jpeg,1.2100000000000002,0.3645
image_2024-04-10_16:31:42_497436.jpeg,1.2100000000000002,0.3645
image_2024-04-10_16:31:42_631270.jpeg,1.2100000000000002,0.3645
image_2024-04-10_16:31:42_765758.jpeg,1.2100000000000002,0.3645
image_2024-04-10_16:31:42_899552.jpeg,1.2100000000000002,0.3645
image_2024-04-10_16:31:43_031244.jpeg,0.0,0.3645
image_2024-04-10_16:31:43_166937.jpeg,0.0,0.3645
image_2024-04-10_16:31:43_297251.jpeg,0.0,0.3645
image_2024-04-10_16:31:43_433690.jpeg,0.0,0.3645
image_2024-04-10_16:31:43_566212.jpeg,0.0,0.3645
image_2024-04-10_16:31:43_699010.jpeg,0.0,0.3645
image_2024-04-10_16:31:43_831909.jpeg,0.0,0.3645
image_2024-04-10_16:31:43_965517.jpeg,1.2100000000000002,0.3645
image_2024-04-10_16:31:44_102693.jpeg,1.2100000000000002,0.3645
image_2024-04-10_16:31:44_232286.jpeg,1.2100000000000002,0.3645
image_2024-04-10_16:31:44_368401.jpeg,1.2100000000000002,0.3645
image_2024-04-10_16:31:44_500304.jpeg,0.0,0.3645
image_2024-04-10_16:31:44_634993.jpeg,0.0,0.3645
image_2024-04-10_16:31:44_767878.jpeg,0.0,0.3645
image_2024-04-10_16:31:44_897220.jpeg,0.0,0.3645
image_2024-04-10_16:31:45_034169.jpeg,1.2100000000000002,0.3645
image_2024-04-10_16:31:45_167336.jpeg,1.2100000000000002,0.3645
image_2024-04-10_16:31:45_302852.jpeg,1.2100000000000002,0.3645
image_2024-04-10_16:31:45_434455.jpeg,1.2100000000000002,0.3645
image_2024-04-10_16:31:45_567634.jpeg,1.2100000000000002,0.3645
image_2024-04-10_16:31:45_700928.jpeg,1.2100000000000002,0.3645
image_2024-04-10_16:31:45_832655.jpeg,1.2100000000000002,0.3645
image_2024-04-10_16:31:45_967617.jpeg,1.2100000000000002,0.3645
image_2024-04-10_16:31:46_100443.jpeg,1.2100000000000002,0.3645
image_2024-04-10_16:31:46_234178.jpeg,0.0,0.3645
image_2024-04-10_16:31:46_366540.jpeg,0.0,0.3645
image_2024-04-10_16:31:46_500580.jpeg,0.0,0.3645
image_2024-04-10_16:31:46_632907.jpeg,0.0,0.3645
image_2024-04-10_16:31:46_765742.jpeg,0.0,0.3645
image_2024-04-10_16:31:46_898268.jpeg,0.0,0.3645
image_2024-04-10_16:31:47_034710.jpeg,0.0,0.3645
image_2024-04-10_16:31:47_168812.jpeg,0.0,0.3645
image_2024-04-10_16:31:47_298649.jpeg,0.0,0.3645
image_2024-04-10_16:31:47_434401.jpeg,0.0,0.3645
image_2024-04-10_16:31:47_568341.jpeg,0.0,0.3645
image_2024-04-10_16:31:47_698676.jpeg,0.0,0.3645
image_2024-04-10_16:31:47_832597.jpeg,0.0,0.3645
image_2024-04-10_16:32:28_178788.jpeg,0.0,0.3645
image_2024-04-10_16:32:28_313651.jpeg,0.0,0.3645
image_2024-04-10_16:32:28_446840.jpeg,-1.2100000000000002,0.3645
image_2024-04-10_16:32:28_582235.jpeg,-1.2100000000000002,0.3645
image_2024-04-10_16:32:28_714291.jpeg,0.0,0.3645
image_2024-04-10_16:32:28_847210.jpeg,0.0,0.3645
image_2024-04-10_16:32:28_981493.jpeg,1.2100000000000002,0.3645
image_2024-04-10_16:32:29_112973.jpeg,1.2100000000000002,0.3645
image_2024-04-10_16:32:29_247858.jpeg,0.0,0.3645
image_2024-04-10_16:32:29_379585.jpeg,0.0,0.3645
image_2024-04-10_16:32:29_513584.jpeg,0.0,0.3645
image_2024-04-10_16:32:29_647617.jpeg,0.0,0.3645
image_2024-04-10_16:32:29_779392.jpeg,0.0,0.3645
image_2024-04-10_16:32:29_911842.jpeg,0.0,0.3645
image_2024-04-10_16:32:30_046197.jpeg,0.0,0.3645
image_2024-04-10_16:32:30_179886.jpeg,0.0,0.3645
image_2024-04-10_16:32:30_314177.jpeg,0.0,0.3645
image_2024-04-10_16:32:30_445826.jpeg,0.0,0.3645
image_2024-04-10_16:32:30_579831.jpeg,0.0,0.3645
image_2024-04-10_16:32:30_715038.jpeg,0.0,0.3645
image_2024-04-10_16:32:30_846376.jpeg,0.0,0.3645
image_2024-04-10_16:32:30_980008.jpeg,0.0,0.3645
image_2024-04-10_16:32:31_114279.jpeg,0.0,0.3645
image_2024-04-10_16:32:31_245934.jpeg,0.0,0.3645
image_2024-04-10_16:32:31_382130.jpeg,0.0,0.3645
image_2024-04-10_16:32:31_512010.jpeg,0.0,0.3645
image_2024-04-10_16:32:31_645593.jpeg,0.0,0.3645
image_2024-04-10_16:32:31_782173.jpeg,0.0,0.3645
image_2024-04-10_16:32:31_912285.jpeg,0.0,0.3645
image_2024-04-10_16:32:32_047725.jpeg,0.0,0.3645
image_2024-04-10_16:32:32_180012.jpeg,0.0,0.3645
image_2024-04-10_16:32:32_314545.jpeg,0.0,0.3645
image_2024-04-10_16:32:32_448455.jpeg,0.0,0.3645
image_2024-04-10_16:32:32_582530.jpeg,0.0,0.3645
image_2024-04-10_16:32:32_714549.jpeg,0.0,0.3645
image_2024-04-10_16:32:32_847608.jpeg,0.0,0.3645
image_2024-04-10_16:32:32_982192.jpeg,0.0,0.3645
image_2024-04-10_16:32:33_113584.jpeg,0.0,0.3645
image_2024-04-10_16:32:33_249158.jpeg,0.0,0.3645
image_2024-04-10_16:32:33_382643.jpeg,0.0,0.3645
image_2024-04-10_16:32:33_513420.jpeg,0.0,0.3645
image_2024-04-10_16:32:33_649575.jpeg,0.0,0.3645
image_2024-04-10_16:32:33_781341.jpeg,0.0,0.3645
image_2024-04-10_16:32:33_914799.jpeg,0.0,0.3645
image_2024-04-10_16:32:34_047273.jpeg,-1.2100000000000002,0.3645
image_2024-04-10_16:32:34_183867.jpeg,0.0,0.3645
image_2024-04-10_16:32:34_315054.jpeg,0.0,0.3645
image_2024-04-10_16:32:34_448798.jpeg,-1.2100000000000002,0.3645
image_2024-04-10_16:32:34_581145.jpeg,0.0,0.3645
image_2024-04-10_16:32:34_714853.jpeg,0.0,0.3645
image_2024-04-10_16:32:34_848920.jpeg,0.0,0.3645
image_2024-04-10_16:32:34_981107.jpeg,0.0,0.3645
image_2024-04-10_16:32:35_113638.jpeg,0.0,0.3645
image_2024-04-10_16:32:35_249173.jpeg,0.0,0.3645
image_2024-04-10_16:32:35_383095.jpeg,0.0,0.3645
image_2024-04-10_16:32:35_516315.jpeg,0.0,0.3645
image_2024-04-10_16:32:35_651045.jpeg,0.0,0.3645
image_2024-04-10_16:32:35_783676.jpeg,0.0,0.3645
image_2024-04-10_16:32:35_914141.jpeg,0.0,0.3645
image_2024-04-10_16:32:36_049439.jpeg,0.0,0.3645
image_2024-04-10_16:32:36_181922.jpeg,1.2100000000000002,0.3645
image_2024-04-10_16:32:36_313895.jpeg,0.0,0.3645
image_2024-04-10_16:32:36_447732.jpeg,0.0,0.3645
image_2024-04-10_16:32:36_582146.jpeg,0.0,0.3645
image_2024-04-10_16:32:36_718057.jpeg,0.0,0.3645
image_2024-04-10_16:32:36_849918.jpeg,0.0,0.3645
image_2024-04-10_16:32:36_984083.jpeg,0.0,0.3645
image_2024-04-10_16:32:37_117573.jpeg,0.0,0.3645
image_2024-04-10_16:32:37_248151.jpeg,1.2100000000000002,0.3645
image_2024-04-10_16:32:37_382032.jpeg,1.2100000000000002,0.3645
image_2024-04-10_16:32:37_516187.jpeg,1.2100000000000002,0.3645
image_2024-04-10_16:32:37_648128.jpeg,1.2100000000000002,0.3645
image_2024-04-10_16:32:37_784273.jpeg,1.2100000000000002,0.3645
image_2024-04-10_16:32:37_916456.jpeg,0.0,0.3645
image_2024-04-10_16:32:38_048079.jpeg,0.0,0.3645
image_2024-04-10_16:32:38_187697.jpeg,0.0,0.3645
image_2024-04-10_16:32:38_317408.jpeg,1.2100000000000002,0.3645
image_2024-04-10_16:32:38_451507.jpeg,1.2100000000000002,0.3645
image_2024-04-10_16:32:38_584677.jpeg,1.2100000000000002,0.3645
image_2024-04-10_16:32:38_716909.jpeg,1.2100000000000002,0.3645
image_2024-04-10_16:32:38_848775.jpeg,1.2100000000000002,0.3645
image_2024-04-10_16:32:38_982899.jpeg,1.2100000000000002,0.3645
image_2024-04-10_16:32:39_115400.jpeg,1.2100000000000002,0.3645
image_2024-04-10_16:32:39_250768.jpeg,1.2100000000000002,0.3645
image_2024-04-10_16:32:39_382656.jpeg,0.0,0.3645
image_2024-04-10_16:32:39_516819.jpeg,0.0,0.3645
image_2024-04-10_16:32:39_650910.jpeg,0.0,0.3645
image_2024-04-10_16:32:39_782496.jpeg,0.0,0.3645
image_2024-04-10_16:32:39_914726.jpeg,0.0,0.3645
image_2024-04-10_16:32:40_050518.jpeg,0.0,0.3645
image_2024-04-10_16:32:40_182915.jpeg,0.0,0.3645
image_2024-04-10_16:32:40_314688.jpeg,0.0,0.3645
image_2024-04-10_16:32:40_478800.jpeg,0.0,0.3645
image_2024-04-10_16:32:40_585418.jpeg,0.0,0.3645
image_2024-04-10_16:32:40_714645.jpeg,0.0,0.3645
image_2024-04-10_16:32:40_849017.jpeg,0.0,0.3645
image_2024-04-10_16:32:40_984802.jpeg,0.0,0.3645
image_2024-04-10_16:32:41_117234.jpeg,0.0,0.3645
image_2024-04-10_16:32:41_251161.jpeg,0.0,0.3645
image_2024-04-10_16:32:41_383551.jpeg,0.0,0.3645
image_2024-04-10_16:32:41_514729.jpeg,0.0,0.3645
image_2024-04-10_16:32:41_650804.jpeg,0.0,0.3645
image_2024-04-10_16:32:41_785322.jpeg,0.0,0.3645
image_2024-04-10_16:32:41_917374.jpeg,0.0,0.3645
image_2024-04-10_16:32:42_051624.jpeg,0.0,0.3645
image_2024-04-10_16:32:42_186804.jpeg,0.0,0.3645
image_2024-04-10_16:32:42_317083.jpeg,0.0,0.3645
image_2024-04-10_16:32:42_451579.jpeg,0.0,0.3645
image_2024-04-10_16:32:42_583373.jpeg,0.0,0.3645
image_2024-04-10_16:32:42_714947.jpeg,0.0,0.3645
image_2024-04-10_16:32:42_851756.jpeg,0.0,0.3645
image_2024-04-10_16:32:42_987000.jpeg,0.0,0.3645
image_2024-04-10_16:32:43_117067.jpeg,0.0,0.3645
image_2024-04-10_16:32:43_250578.jpeg,0.0,0.3645
image_2024-04-10_16:32:43_386520.jpeg,0.0,0.3645
image_2024-04-10_16:32:43_515989.jpeg,0.0,0.3645
image_2024-04-10_16:32:43_651707.jpeg,0.0,0.3645
image_2024-04-10_16:32:43_786729.jpeg,0.0,0.3645
image_2024-04-10_16:32:43_917974.jpeg,0.0,0.3645
image_2024-04-10_16:32:44_052848.jpeg,0.0,0.3645
image_2024-04-10_16:32:44_186442.jpeg,1.2100000000000002,0.3645
image_2024-04-10_16:32:44_317896.jpeg,1.2100000000000002,0.3645
image_2024-04-10_16:32:44_451487.jpeg,0.0,0.3645
image_2024-04-10_16:32:44_586425.jpeg,0.0,0.3645
image_2024-04-10_16:32:44_718212.jpeg,1.2100000000000002,0.3645
image_2024-04-10_16:32:44_851759.jpeg,1.2100000000000002,0.3645
image_2024-04-10_16:32:44_984387.jpeg,1.2100000000000002,0.3645
image_2024-04-10_16:32:45_116334.jpeg,1.2100000000000002,0.3645
image_2024-04-10_16:32:45_250414.jpeg,1.2100000000000002,0.3645
image_2024-04-10_16:32:45_386401.jpeg,1.2100000000000002,0.3645
image_2024-04-10_16:32:45_516035.jpeg,0.0,0.3645
image_2024-04-10_16:32:45_651964.jpeg,0.0,0.3645
image_2024-04-10_16:32:45_786616.jpeg,0.0,0.3645
image_2024-04-10_16:32:45_919162.jpeg,1.2100000000000002,0.3645
image_2024-04-10_16:32:46_050858.jpeg,1.2100000000000002,0.3645
image_2024-04-10_16:32:46_186682.jpeg,0.0,0.3645
image_2024-04-10_16:32:46_318127.jpeg,0.0,0.3645
image_2024-04-10_16:32:46_451240.jpeg,0.0,0.3645
image_2024-04-10_16:32:46_586787.jpeg,1.2100000000000002,0.3645
image_2024-04-10_16:32:46_716716.jpeg,0.0,0.3645
image_2024-04-10_16:32:46_853030.jpeg,0.0,0.3645
image_2024-04-10_16:32:46_986628.jpeg,0.0,0.3645
image_2024-04-10_16:32:47_116932.jpeg,0.0,0.3645
image_2024-04-10_16:32:47_252608.jpeg,0.0,0.3645
image_2024-04-10_16:32:47_384998.jpeg,0.0,0.3645
image_2024-04-10_16:32:47_516504.jpeg,0.0,0.3645
image_2024-04-10_16:32:47_652469.jpeg,0.0,0.3645
image_2024-04-10_16:32:47_786812.jpeg,0.0,0.3645
image_2024-04-10_16:32:47_919007.jpeg,0.0,0.3645
image_2024-04-10_16:32:48_053434.jpeg,0.0,0.3645
image_2024-04-10_16:32:48_187178.jpeg,0.0,0.3645
image_2024-04-10_16:32:48_319012.jpeg,0.0,0.3645
image_2024-04-10_16:32:48_451531.jpeg,0.0,0.3645
image_2024-04-10_16:32:48_587067.jpeg,0.0,0.3645
image_2024-04-10_16:32:48_720227.jpeg,0.0,0.3645
image_2024-04-10_16:32:48_852118.jpeg,0.0,0.3645
image_2024-04-10_16:32:48_985888.jpeg,1.2100000000000002,0.3645
image_2024-04-10_16:32:49_117577.jpeg,1.2100000000000002,0.3645
image_2024-04-10_16:32:49_252937.jpeg,1.2100000000000002,0.3645
image_2024-04-10_16:32:49_387632.jpeg,1.2100000000000002,0.3645
image_2024-04-10_16:32:49_517759.jpeg,1.2100000000000002,0.3645
image_2024-04-10_16:32:49_653594.jpeg,1.2100000000000002,0.3645
image_2024-04-10_16:32:49_785287.jpeg,0.0,0.3645
image_2024-04-10_16:32:49_919860.jpeg,0.0,0.3645
image_2024-04-10_16:32:50_052123.jpeg,0.0,0.3645
image_2024-04-10_16:32:50_187631.jpeg,1.2100000000000002,0.3645
image_2024-04-10_16:32:50_318374.jpeg,1.2100000000000002,0.3645
image_2024-04-10_16:32:50_451894.jpeg,1.2100000000000002,0.3645
image_2024-04-10_16:32:50_588461.jpeg,1.2100000000000002,0.3645
image_2024-04-10_16:32:50_719283.jpeg,1.2100000000000002,0.3645
image_2024-04-10_16:32:50_853742.jpeg,0.0,0.3645
image_2024-04-10_16:32:50_987641.jpeg,0.0,0.3645
image_2024-04-10_16:32:51_117898.jpeg,0.0,0.3645
image_2024-04-10_16:32:51_253230.jpeg,0.0,0.3645
image_2024-04-10_16:32:51_387578.jpeg,0.0,0.3645
image_2024-04-10_16:32:51_519729.jpeg,0.0,0.3645
image_2024-04-10_16:32:51_652318.jpeg,0.0,0.3645
image_2024-04-10_16:32:51_787737.jpeg,0.0,0.3645
image_2024-04-10_16:32:51_920088.jpeg,0.0,0.3645
image_2024-04-10_16:32:52_054615.jpeg,0.0,0.3645
image_2024-04-10_16:32:52_188336.jpeg,0.0,0.3645
image_2024-04-10_16:32:52_319887.jpeg,0.0,0.3645
image_2024-04-10_16:32:52_454643.jpeg,0.0,0.3645
image_2024-04-10_16:32:52_589605.jpeg,0.0,0.3645
image_2024-04-10_16:32:52_717837.jpeg,0.0,0.3645
image_2024-04-10_16:32:52_854126.jpeg,0.0,0.3645
image_2024-04-10_16:32:52_986541.jpeg,0.0,0.3645
image_2024-04-10_16:32:53_121678.jpeg,0.0,0.3645
image_2024-04-10_16:32:53_253721.jpeg,0.0,0.3645
image_2024-04-10_16:32:53_387041.jpeg,0.0,0.3645
image_2024-04-10_16:32:53_520027.jpeg,1.2100000000000002,0.3645
image_2024-04-10_16:32:53_654564.jpeg,1.2100000000000002,0.3645
image_2024-04-10_16:32:53_788029.jpeg,1.2100000000000002,0.3645
image_2024-04-10_16:32:53_920687.jpeg,1.2100000000000002,0.3645
image_2024-04-10_16:32:54_053258.jpeg,1.2100000000000002,0.3645
image_2024-04-10_16:32:54_189514.jpeg,0.0,0.3645
image_2024-04-10_16:32:54_318471.jpeg,0.0,0.3645
image_2024-04-10_16:32:54_453390.jpeg,0.0,0.3645
image_2024-04-10_16:32:54_589174.jpeg,1.2100000000000002,0.3645
image_2024-04-10_16:32:54_721312.jpeg,1.2100000000000002,0.3645
image_2024-04-10_16:32:54_853538.jpeg,1.2100000000000002,0.3645
image_2024-04-10_16:32:54_988970.jpeg,1.2100000000000002,0.3645
image_2024-04-10_16:32:55_122010.jpeg,1.2100000000000002,0.3645
image_2024-04-10_16:32:55_255304.jpeg,1.2100000000000002,0.3645
image_2024-04-10_16:32:55_389801.jpeg,1.2100000000000002,0.3645
image_2024-04-10_16:32:55_519399.jpeg,1.2100000000000002,0.3645
image_2024-04-10_16:32:55_653680.jpeg,1.2100000000000002,0.3645
image_2024-04-10_16:32:55_866542.jpeg,1.2100000000000002,0.3645
image_2024-04-10_16:32:55_990046.jpeg,1.2100000000000002,0.3645
image_2024-04-10_16:32:56_123774.jpeg,0.0,0.3645
image_2024-04-10_16:32:56_254412.jpeg,0.0,0.3645
image_2024-04-10_16:32:56_389916.jpeg,0.0,0.3645
image_2024-04-10_16:32:56_520669.jpeg,0.0,0.3645
image_2024-04-10_16:32:56_655438.jpeg,0.0,0.3645
image_2024-04-10_16:32:56_790585.jpeg,1.2100000000000002,0.3645
image_2024-04-10_16:32:56_922285.jpeg,1.2100000000000002,0.3645
image_2024-04-10_16:32:57_056161.jpeg,1.2100000000000002,0.3645
image_2024-04-10_16:32:57_192666.jpeg,0.0,0.3645
image_2024-04-10_16:32:57_321376.jpeg,0.0,0.3645
image_2024-04-10_16:32:57_456907.jpeg,0.0,0.3645
image_2024-04-10_16:32:57_590695.jpeg,1.2100000000000002,0.3645
image_2024-04-10_16:32:57_724366.jpeg,1.2100000000000002,0.3645
image_2024-04-10_16:32:57_856664.jpeg,1.2100000000000002,0.3645
image_2024-04-10_16:32:57_988750.jpeg,1.2100000000000002,0.3645
image_2024-04-10_16:32:58_121115.jpeg,1.2100000000000002,0.3645
image_2024-04-10_16:32:58_256768.jpeg,1.2100000000000002,0.3645
image_2024-04-10_16:32:58_388403.jpeg,1.2100000000000002,0.3645
image_2024-04-10_16:32:58_522336.jpeg,1.2100000000000002,0.3645
image_2024-04-10_16:32:58_656991.jpeg,1.2100000000000002,0.3645
image_2024-04-10_16:32:58_790286.jpeg,1.2100000000000002,0.3645
image_2024-04-10_16:32:58_920989.jpeg,0.0,0.3645
image_2024-04-10_16:32:59_057298.jpeg,0.0,0.3645
image_2024-04-10_16:32:59_190005.jpeg,-1.2100000000000002,0.3645
image_2024-04-10_16:32:59_321338.jpeg,0.0,0.3645
image_2024-04-10_16:32:59_456938.jpeg,0.0,0.3645
image_2024-04-10_16:32:59_589451.jpeg,0.0,0.3645
image_2024-04-10_16:32:59_721495.jpeg,-1.2100000000000002,0.3645
image_2024-04-10_16:32:59_857101.jpeg,0.0,0.3645
image_2024-04-10_16:32:59_991722.jpeg,0.0,0.3645
image_2024-04-10_16:33:00_124031.jpeg,0.0,0.3645
image_2024-04-10_16:33:00_256930.jpeg,0.0,0.3645
image_2024-04-10_16:33:00_390164.jpeg,0.0,0.3645
image_2024-04-10_16:33:00_523624.jpeg,0.0,0.3645
image_2024-04-10_16:50:24_375939.jpeg,0.0,0.3645
image_2024-04-10_16:50:24_512014.jpeg,-1.2100000000000002,0.3645
image_2024-04-10_16:50:24_642294.jpeg,0.0,0.3645
image_2024-04-10_16:50:24_778079.jpeg,0.0,0.3645
image_2024-04-10_16:50:24_912035.jpeg,0.0,0.3645
image_2024-04-10_16:50:25_042415.jpeg,1.2100000000000002,0.3645
image_2024-04-10_16:50:25_179011.jpeg,0.0,0.3645
image_2024-04-10_16:50:25_309775.jpeg,0.0,0.3645
image_2024-04-10_16:50:25_441911.jpeg,0.0,0.3645
image_2024-04-10_16:50:25_579095.jpeg,0.0,0.3645
image_2024-04-10_16:50:25_712510.jpeg,0.0,0.3645
image_2024-04-10_16:50:25_841959.jpeg,0.0,0.3645
image_2024-04-10_16:50:25_978082.jpeg,0.0,0.3645
image_2024-04-10_16:50:26_112926.jpeg,0.0,0.3645
image_2024-04-10_16:50:26_242320.jpeg,0.0,0.3645
image_2024-04-10_16:50:26_378284.jpeg,0.0,0.3645
image_2024-04-10_16:50:26_510885.jpeg,0.0,0.3645
image_2024-04-10_16:50:26_645374.jpeg,0.0,0.3645
image_2024-04-10_16:50:26_780604.jpeg,0.0,0.3645
image_2024-04-10_16:50:26_910234.jpeg,0.0,0.3645
image_2024-04-10_16:50:27_044504.jpeg,0.0,0.3645
image_2024-04-10_16:50:27_177663.jpeg,0.0,0.3645
image_2024-04-10_16:50:27_310898.jpeg,0.0,0.3645
image_2024-04-10_16:50:27_442745.jpeg,0.0,0.3645
image_2024-04-10_16:50:27_576725.jpeg,0.0,0.3645
image_2024-04-10_16:50:27_713209.jpeg,0.0,0.3645
image_2024-04-10_16:50:27_842600.jpeg,0.0,0.3645
image_2024-04-10_16:50:27_978706.jpeg,0.0,0.3645
image_2024-04-10_16:50:28_110943.jpeg,0.0,0.3645
image_2024-04-10_16:50:28_243472.jpeg,0.0,0.3645
image_2024-04-10_16:50:28_377300.jpeg,0.0,0.3645
image_2024-04-10_16:50:28_510348.jpeg,0.0,0.3645
image_2024-04-10_16:50:28_644971.jpeg,0.0,0.3645
image_2024-04-10_16:50:28_778611.jpeg,0.0,0.3645
image_2024-04-10_16:50:28_911677.jpeg,0.0,0.3645
image_2024-04-10_16:50:29_045227.jpeg,0.0,0.3645
image_2024-04-10_16:50:29_176769.jpeg,0.0,0.3645
image_2024-04-10_16:50:29_311602.jpeg,0.0,0.3645
image_2024-04-10_16:50:29_445736.jpeg,0.0,0.3645
image_2024-04-10_16:50:29_577603.jpeg,0.0,0.3645
image_2024-04-10_16:50:45_382042.jpeg,0.0,0.3645
image_2024-04-10_16:50:45_516206.jpeg,0.0,0.3645
image_2024-04-10_16:50:45_648147.jpeg,0.0,0.3645
image_2024-04-10_16:50:45_781933.jpeg,0.0,0.3645
image_2024-04-10_16:50:45_919995.jpeg,0.0,0.3645
image_2024-04-10_16:50:46_052191.jpeg,0.0,0.3645
image_2024-04-10_16:50:46_181974.jpeg,1.2100000000000002,0.3645
image_2024-04-10_16:50:46_315625.jpeg,1.2100000000000002,0.3645
image_2024-04-10_16:50:46_450905.jpeg,0.0,0.3645
image_2024-04-10_16:50:46_582549.jpeg,0.0,0.3645
image_2024-04-10_16:50:46_718741.jpeg,-1.2100000000000002,0.3645
image_2024-04-10_16:50:46_849916.jpeg,-1.2100000000000002,0.3645
image_2024-04-10_16:50:46_982503.jpeg,0.0,0.3645
image_2024-04-10_16:50:47_116600.jpeg,0.0,0.3645
image_2024-04-10_16:50:47_249840.jpeg,1.2100000000000002,0.3645
image_2024-04-10_16:50:47_383212.jpeg,1.2100000000000002,0.3645
image_2024-04-10_16:50:47_518133.jpeg,0.0,0.3645
image_2024-04-10_16:50:47_647644.jpeg,0.0,0.3645
image_2024-04-10_16:50:47_782282.jpeg,0.0,0.3645
image_2024-04-10_16:50:47_918225.jpeg,0.0,0.3645
image_2024-04-10_16:50:48_051021.jpeg,-1.2100000000000002,0.3645
image_2024-04-10_16:50:48_183186.jpeg,0.0,0.3645
image_2024-04-10_16:50:48_317923.jpeg,0.0,0.3645
image_2024-04-10_16:50:48_448200.jpeg,0.0,0.3645
image_2024-04-10_16:50:48_582701.jpeg,0.0,0.3645
image_2024-04-10_16:50:48_724587.jpeg,0.0,0.3645
image_2024-04-10_16:50:48_848819.jpeg,0.0,0.3645
image_2024-04-10_16:50:48_984661.jpeg,0.0,0.3645
image_2024-04-10_16:50:49_119201.jpeg,0.0,0.3645
image_2024-04-10_16:50:49_249900.jpeg,0.0,0.3645
image_2024-04-10_16:50:49_384948.jpeg,0.0,0.3645
image_2024-04-10_16:50:49_516432.jpeg,0.0,0.3645
image_2024-04-10_16:50:49_649524.jpeg,0.0,0.3645
image_2024-04-10_16:50:49_783389.jpeg,0.0,0.3645
image_2024-04-10_16:50:49_917129.jpeg,0.0,0.3645
image_2024-04-10_16:50:50_050806.jpeg,0.0,0.3645
image_2024-04-10_16:50:50_185763.jpeg,0.0,0.3645
image_2024-04-10_16:52:44_624262.jpeg,0.0,0.3645
image_2024-04-10_16:52:44_755237.jpeg,0.0,0.3645
image_2024-04-10_16:52:44_890968.jpeg,1.2100000000000002,0.3645
image_2024-04-10_16:52:45_021441.jpeg,1.2100000000000002,0.3645
image_2024-04-10_16:52:45_154996.jpeg,1.2100000000000002,0.3645
image_2024-04-10_16:52:45_289041.jpeg,0.0,0.3645
image_2024-04-10_16:52:45_422087.jpeg,-1.2100000000000002,0.3645
image_2024-04-10_16:52:45_557057.jpeg,-1.2100000000000002,0.3645
image_2024-04-10_16:52:45_689666.jpeg,0.0,0.3645
image_2024-04-10_16:52:45_821015.jpeg,0.0,0.3645
image_2024-04-10_16:52:45_970270.jpeg,0.0,0.3645
image_2024-04-10_16:52:46_094988.jpeg,0.0,0.3645
image_2024-04-10_16:52:46_222787.jpeg,-1.2100000000000002,0.3645
image_2024-04-10_16:52:46_358920.jpeg,0.0,0.3645
image_2024-04-10_16:52:46_489123.jpeg,0.0,0.3645
image_2024-04-10_16:52:46_624341.jpeg,0.0,0.3645
image_2024-04-10_16:52:46_758531.jpeg,0.0,0.3645
image_2024-04-10_16:52:46_887419.jpeg,0.0,0.3645
image_2024-04-10_16:52:47_022907.jpeg,0.0,0.3645
image_2024-04-10_16:52:47_155620.jpeg,0.0,0.3645
image_2024-04-10_16:52:47_289051.jpeg,0.0,0.3645
image_2024-04-10_16:52:47_422701.jpeg,0.0,0.3645
image_2024-04-10_16:52:47_558977.jpeg,0.0,0.3645
image_2024-04-10_16:52:47_690751.jpeg,0.0,0.3645
image_2024-04-10_16:52:47_822542.jpeg,0.0,0.3645
image_2024-04-10_16:52:47_956953.jpeg,0.0,0.3645
image_2024-04-10_16:52:48_091457.jpeg,0.0,0.3645
image_2024-04-10_16:52:48_221868.jpeg,0.0,0.3645
image_2024-04-10_16:52:48_356337.jpeg,0.0,0.3645
image_2024-04-10_16:52:48_489825.jpeg,0.0,0.3645
image_2024-04-10_16:52:48_624324.jpeg,0.0,0.3645
image_2024-04-10_16:52:48_756225.jpeg,0.0,0.3645
image_2024-04-10_16:52:48_892990.jpeg,0.0,0.3645
image_2024-04-10_16:52:59_762526.jpeg,0.0,0.3645
image_2024-04-10_16:52:59_891649.jpeg,0.0,0.3645
image_2024-04-10_16:53:00_027559.jpeg,0.0,0.3645
image_2024-04-10_16:53:00_159355.jpeg,0.0,0.3645
image_2024-04-10_16:53:00_294269.jpeg,0.0,0.3645
image_2024-04-10_16:53:00_428276.jpeg,-1.2100000000000002,0.3645
image_2024-04-10_16:53:00_561841.jpeg,-1.2100000000000002,0.3645
image_2024-04-10_16:53:00_692149.jpeg,-1.2100000000000002,0.3645
image_2024-04-10_16:53:00_830274.jpeg,0.0,0.3645
image_2024-04-10_16:53:00_962437.jpeg,0.0,0.3645
image_2024-04-10_16:53:01_093966.jpeg,1.2100000000000002,0.3645
image_2024-04-10_16:53:01_227742.jpeg,1.2100000000000002,0.3645
image_2024-04-10_16:53:01_364865.jpeg,0.0,0.3645
image_2024-04-10_16:53:01_498760.jpeg,0.0,0.3645
image_2024-04-10_16:53:01_629350.jpeg,0.0,0.3645
image_2024-04-10_16:53:01_760565.jpeg,0.0,0.3645
image_2024-04-10_16:53:01_894355.jpeg,0.0,0.3645
image_2024-04-10_16:53:02_028201.jpeg,0.0,0.3645
image_2024-04-10_16:53:02_162845.jpeg,0.0,0.3645
image_2024-04-10_16:53:02_292364.jpeg,0.0,0.3645
image_2024-04-10_16:53:02_427302.jpeg,0.0,0.3645
image_2024-04-10_16:53:02_563687.jpeg,0.0,0.3645
image_2024-04-10_16:53:02_694636.jpeg,0.0,0.3645
image_2024-04-10_16:53:02_826652.jpeg,-1.2100000000000002,0.3645
image_2024-04-10_16:53:02_962758.jpeg,0.0,0.3645
image_2024-04-10_16:53:03_094869.jpeg,0.0,0.3645
image_2024-04-10_16:53:03_226552.jpeg,0.0,0.3645
image_2024-04-10_16:53:03_361130.jpeg,1.2100000000000002,0.3645
image_2024-04-10_16:53:03_496802.jpeg,1.2100000000000002,0.3645
image_2024-04-10_16:53:03_629829.jpeg,1.2100000000000002,0.3645
image_2024-04-10_16:53:03_763025.jpeg,1.2100000000000002,0.3645
image_2024-04-10_16:53:03_894885.jpeg,-1.2100000000000002,0.3645
image_2024-04-10_16:53:04_029239.jpeg,-1.2100000000000002,0.3645
image_2024-04-10_16:53:04_162122.jpeg,-1.2100000000000002,0.3645
image_2024-04-10_16:53:04_296580.jpeg,-1.2100000000000002,0.3645
image_2024-04-10_16:53:04_428825.jpeg,-1.2100000000000002,0.3645
image_2024-04-10_16:53:04_563287.jpeg,0.0,0.3645
image_2024-04-10_16:53:04_693622.jpeg,0.0,0.3645
image_2024-04-10_16:53:04_827770.jpeg,0.0,0.3645
image_2024-04-10_16:53:04_963192.jpeg,0.0,0.3645
image_2024-04-10_16:53:05_095690.jpeg,1.2100000000000002,0.3645
image_2024-04-10_16:53:05_227365.jpeg,0.0,0.3645
image_2024-04-10_16:53:05_362994.jpeg,0.0,0.3645
image_2024-04-10_16:53:05_495576.jpeg,0.0,0.3645
image_2024-04-10_16:53:05_630704.jpeg,0.0,0.3645
image_2024-04-10_16:55:31_150848.jpeg,-1.2100000000000002,0.3645
image_2024-04-10_16:55:31_281003.jpeg,-1.2100000000000002,0.3645
image_2024-04-10_16:55:31_417306.jpeg,-1.2100000000000002,0.3645
image_2024-04-10_16:55:31_549454.jpeg,0.0,0.3645
image_2024-04-10_16:55:31_682694.jpeg,0.0,0.3645
image_2024-04-10_16:55:31_816710.jpeg,1.2100000000000002,0.3645
image_2024-04-10_16:55:31_952432.jpeg,1.2100000000000002,0.3645
image_2024-04-10_16:55:32_081969.jpeg,1.2100000000000002,0.3645
image_2024-04-10_16:55:32_217580.jpeg,0.0,0.3645
image_2024-04-10_16:55:32_349256.jpeg,0.0,0.3645
image_2024-04-10_16:55:32_483380.jpeg,0.0,0.3645
image_2024-04-10_16:55:32_615182.jpeg,0.0,0.3645
image_2024-04-10_16:55:32_751327.jpeg,0.0,0.3645
image_2024-04-10_16:55:32_883426.jpeg,0.0,0.3645
image_2024-04-10_16:55:33_017241.jpeg,0.0,0.3645
image_2024-04-10_16:55:49_555913.jpeg,-1.2100000000000002,0.3645
image_2024-04-10_16:55:49_687610.jpeg,-1.2100000000000002,0.3645
image_2024-04-10_16:55:49_822471.jpeg,-1.2100000000000002,0.3645
image_2024-04-10_16:55:49_965302.jpeg,0.0,0.3645
image_2024-04-10_16:55:50_088604.jpeg,1.2100000000000002,0.3645
image_2024-04-10_16:55:50_221446.jpeg,1.2100000000000002,0.3645
image_2024-04-10_16:55:50_357286.jpeg,0.0,0.3645
image_2024-04-10_16:55:50_487603.jpeg,0.0,0.3645
image_2024-04-10_16:55:50_623248.jpeg,1.2100000000000002,0.3645
image_2024-04-10_16:55:50_756933.jpeg,1.2100000000000002,0.3645
image_2024-04-10_16:55:50_888768.jpeg,0.0,0.3645
image_2024-04-10_16:55:51_024011.jpeg,-1.2100000000000002,0.3645
image_2024-04-10_16:55:51_157394.jpeg,-1.2100000000000002,0.3645
image_2024-04-10_16:55:51_289421.jpeg,0.0,0.3645
image_2024-04-10_16:55:51_614063.jpeg,0.0,0.3645
image_2024-04-10_16:55:51_757074.jpeg,-1.2100000000000002,0.3645
image_2024-04-10_16:55:51_888930.jpeg,-1.2100000000000002,0.3645
image_2024-04-10_16:55:52_023124.jpeg,0.0,0.3645
image_2024-04-10_16:55:52_157027.jpeg,0.0,0.3645
image_2024-04-10_16:55:52_289742.jpeg,0.0,0.3645
image_2024-04-10_16:55:52_423350.jpeg,0.0,0.3645
image_2024-04-10_16:55:52_557466.jpeg,0.0,0.3645
image_2024-04-10_16:55:52_687720.jpeg,1.2100000000000002,0.3645
image_2024-04-10_16:55:52_825413.jpeg,0.0,0.3645
image_2024-04-10_16:55:52_957630.jpeg,0.0,0.3645
image_2024-04-10_16:55:53_089764.jpeg,0.0,0.3645
image_2024-04-10_16:55:53_223840.jpeg,1.2100000000000002,0.3645
image_2024-04-10_16:55:53_358193.jpeg,0.0,0.3645
image_2024-04-10_16:55:53_487389.jpeg,0.0,0.3645
image_2024-04-10_16:55:53_621435.jpeg,0.0,0.3645
image_2024-04-10_16:55:53_755700.jpeg,0.0,0.3645
image_2024-04-10_16:55:53_890746.jpeg,0.0,0.3645
image_2024-04-10_16:55:54_021973.jpeg,0.0,0.3645
image_2024-04-10_16:55:54_157178.jpeg,0.0,0.3645
image_2024-04-10_16:55:54_288115.jpeg,0.0,0.3645
image_2024-04-10_16:58:47_417468.jpeg,0.0,0.3645
image_2024-04-10_16:58:47_549540.jpeg,0.0,0.3645
image_2024-04-10_16:58:47_685476.jpeg,0.0,0.3645
image_2024-04-10_16:58:47_818296.jpeg,0.0,0.3645
image_2024-04-10_16:58:47_951865.jpeg,0.0,0.3645
image_2024-04-10_16:58:48_085236.jpeg,0.0,0.3645
image_2024-04-10_16:58:48_217262.jpeg,1.2100000000000002,0.3645
image_2024-04-10_16:58:48_350179.jpeg,0.0,0.3645
image_2024-04-10_16:58:48_486001.jpeg,0.0,0.3645
image_2024-04-10_16:58:48_617370.jpeg,0.0,0.3645
image_2024-04-10_16:58:48_749426.jpeg,-1.2100000000000002,0.3645
image_2024-04-10_16:58:48_886595.jpeg,-1.2100000000000002,0.3645
image_2024-04-10_16:58:49_020036.jpeg,0.0,0.3645
image_2024-04-10_16:58:49_150402.jpeg,0.0,0.3645
image_2024-04-10_16:58:49_284214.jpeg,1.2100000000000002,0.3645
image_2024-04-10_16:58:49_420846.jpeg,0.0,0.3645
image_2024-04-10_16:58:49_552121.jpeg,0.0,0.3645
image_2024-04-10_16:58:49_686032.jpeg,0.0,0.3645
image_2024-04-10_16:58:49_819434.jpeg,0.0,0.3645
image_2024-04-10_16:58:49_950756.jpeg,0.0,0.3645
image_2024-04-10_16:58:50_084990.jpeg,0.0,0.3645
image_2024-04-10_16:58:50_220240.jpeg,0.0,0.3645
image_2024-04-10_16:58:50_349402.jpeg,0.0,0.3645
image_2024-04-10_16:58:50_484307.jpeg,0.0,0.3645
image_2024-04-10_16:58:50_618006.jpeg,0.0,0.3645
image_2024-04-10_16:58:50_751875.jpeg,0.0,0.3645
image_2024-04-10_16:58:50_883888.jpeg,0.0,0.3645
image_2024-04-10_16:58:51_020926.jpeg,0.0,0.3645
image_2024-04-10_16:58:51_152253.jpeg,0.0,0.3645
image_2024-04-10_16:58:51_286036.jpeg,0.0,0.3645
image_2024-04-10_16:58:51_419946.jpeg,0.0,0.3645
image_2024-04-10_16:58:51_552751.jpeg,0.0,0.3645
image_2024-04-10_16:58:51_683869.jpeg,0.0,0.3645
image_2024-04-10_16:58:51_818016.jpeg,0.0,0.3645
image_2024-04-10_16:58:51_952442.jpeg,0.0,0.3645
image_2024-04-10_16:58:52_086217.jpeg,0.0,0.3645
image_2024-04-10_16:58:52_219837.jpeg,0.0,0.3645
image_2024-04-10_16:58:52_349359.jpeg,0.0,0.3645
image_2024-04-10_16:58:52_483568.jpeg,0.0,0.3645
image_2024-04-10_16:58:52_621242.jpeg,0.0,0.3645
image_2024-04-10_16:58:52_750301.jpeg,0.0,0.3645
image_2024-04-10_16:58:52_884166.jpeg,0.0,0.3645
image_2024-04-10_16:58:53_020140.jpeg,0.0,0.3645
image_2024-04-10_16:58:53_153833.jpeg,0.0,0.3645
image_2024-04-10_16:58:53_287714.jpeg,0.0,0.3645
image_2024-04-10_16:58:53_418753.jpeg,0.0,0.3645
image_2024-04-10_16:58:53_551442.jpeg,0.0,0.3645
image_2024-04-10_16:58:53_685535.jpeg,0.0,0.3645
image_2024-04-10_16:58:53_819443.jpeg,0.0,0.3645
image_2024-04-10_16:58:53_951469.jpeg,0.0,0.3645
image_2024-04-10_16:58:54_085395.jpeg,0.0,0.3645
image_2024-04-10_16:58:54_222913.jpeg,0.0,0.3645
image_2024-04-10_16:58:54_354246.jpeg,0.0,0.3645
image_2024-04-10_16:58:54_485480.jpeg,0.0,0.3645
image_2024-04-10_16:58:54_619231.jpeg,0.0,0.3645
image_2024-04-10_16:58:54_752475.jpeg,0.0,0.3645
image_2024-04-10_16:58:54_888267.jpeg,0.0,0.3645
image_2024-04-10_16:58:55_021755.jpeg,0.0,0.3645
image_2024-04-10_16:58:55_151525.jpeg,0.0,0.3645
image_2024-04-10_16:58:55_287662.jpeg,0.0,0.3645
image_2024-04-10_16:58:55_419727.jpeg,0.0,0.3645
image_2024-04-10_16:58:55_551421.jpeg,0.0,0.3645
image_2024-04-10_16:58:55_688059.jpeg,0.0,0.3645
image_2024-04-10_16:58:55_822602.jpeg,0.0,0.3645
image_2024-04-10_16:58:55_954008.jpeg,0.0,0.3645
image_2024-04-10_16:58:56_088224.jpeg,0.0,0.3645
image_2024-04-10_16:58:56_219676.jpeg,0.0,0.3645
image_2024-04-10_16:58:56_353789.jpeg,0.0,0.3645
image_2024-04-10_16:58:56_487785.jpeg,1.2100000000000002,0.3645
image_2024-04-10_16:58:56_621402.jpeg,1.2100000000000002,0.3645
image_2024-04-10_16:58:56_753161.jpeg,1.2100000000000002,0.3645
image_2024-04-10_16:58:56_890561.jpeg,1.2100000000000002,0.3645
image_2024-04-10_16:58:57_023644.jpeg,1.2100000000000002,0.3645
image_2024-04-10_16:58:57_156681.jpeg,1.2100000000000002,0.3645
image_2024-04-10_16:58:57_289906.jpeg,0.0,0.3645
image_2024-04-10_16:58:57_420997.jpeg,0.0,0.3645
image_2024-04-10_16:58:57_554981.jpeg,1.2100000000000002,0.3645
image_2024-04-10_16:58:57_686945.jpeg,1.2100000000000002,0.3645
image_2024-04-10_16:58:57_820466.jpeg,1.2100000000000002,0.3645
image_2024-04-10_16:58:57_955116.jpeg,1.2100000000000002,0.3645
image_2024-04-10_16:58:58_089048.jpeg,1.2100000000000002,0.3645
image_2024-04-10_16:58:58_222771.jpeg,1.2100000000000002,0.3645
image_2024-04-10_16:58:58_352833.jpeg,1.2100000000000002,0.3645
image_2024-04-10_16:58:58_490109.jpeg,1.2100000000000002,0.3645
image_2024-04-10_16:58:58_625141.jpeg,0.0,0.3645
image_2024-04-10_16:58:58_755750.jpeg,0.0,0.3645
image_2024-04-10_16:58:58_888031.jpeg,0.0,0.3645
image_2024-04-10_16:58:59_022110.jpeg,0.0,0.3645
image_2024-04-10_16:58:59_154299.jpeg,0.0,0.3645
image_2024-04-10_16:58:59_288606.jpeg,0.0,0.3645
image_2024-04-10_16:58:59_422094.jpeg,0.0,0.3645
image_2024-04-10_16:58:59_553591.jpeg,0.0,0.3645
image_2024-04-10_16:58:59_688749.jpeg,0.0,0.3645
image_2024-04-10_16:58:59_823072.jpeg,0.0,0.3645
image_2024-04-10_16:58:59_954874.jpeg,0.0,0.3645
image_2024-04-10_16:59:00_087899.jpeg,0.0,0.3645
image_2024-04-10_16:59:00_221906.jpeg,0.0,0.3645
image_2024-04-10_16:59:00_354005.jpeg,0.0,0.3645
image_2024-04-10_16:59:00_487152.jpeg,0.0,0.3645
image_2024-04-10_16:59:00_623764.jpeg,0.0,0.3645
image_2024-04-10_16:59:00_753919.jpeg,0.0,0.3645
image_2024-04-10_16:59:00_889358.jpeg,0.0,0.3645
image_2024-04-10_16:59:01_023019.jpeg,0.0,0.3645
image_2024-04-10_16:59:01_155900.jpeg,0.0,0.3645
image_2024-04-10_16:59:01_287329.jpeg,0.0,0.3645
image_2024-04-10_16:59:01_424286.jpeg,0.0,0.3645
image_2024-04-10_16:59:01_555427.jpeg,0.0,0.3645
image_2024-04-10_16:59:01_689190.jpeg,0.0,0.3645
image_2024-04-10_16:59:01_824343.jpeg,0.0,0.3645
image_2024-04-10_16:59:01_956249.jpeg,0.0,0.3645
image_2024-04-10_16:59:02_089200.jpeg,0.0,0.3645
image_2024-04-10_16:59:02_222701.jpeg,0.0,0.3645
image_2024-04-10_16:59:02_355835.jpeg,0.0,0.3645
image_2024-04-10_16:59:02_487564.jpeg,0.0,0.3645
image_2024-04-10_16:59:02_623302.jpeg,0.0,0.3645
image_2024-04-10_16:59:02_756160.jpeg,0.0,0.3645
image_2024-04-10_16:59:02_887903.jpeg,0.0,0.3645
image_2024-04-10_16:59:03_023953.jpeg,1.2100000000000002,0.3645
image_2024-04-10_16:59:03_153639.jpeg,0.0,0.3645
image_2024-04-10_16:59:03_288618.jpeg,0.0,0.3645
image_2024-04-10_16:59:03_424064.jpeg,0.0,0.3645
image_2024-04-10_16:59:03_553732.jpeg,1.2100000000000002,0.3645
image_2024-04-10_16:59:03_689920.jpeg,1.2100000000000002,0.3645
image_2024-04-10_16:59:03_824899.jpeg,0.0,0.3645
image_2024-04-10_16:59:03_955225.jpeg,0.0,0.3645
image_2024-04-10_16:59:04_090325.jpeg,1.2100000000000002,0.3645
image_2024-04-10_16:59:04_224178.jpeg,1.2100000000000002,0.3645
image_2024-04-10_16:59:04_356458.jpeg,1.2100000000000002,0.3645
image_2024-04-10_16:59:04_488684.jpeg,1.2100000000000002,0.3645
image_2024-04-10_16:59:04_624535.jpeg,1.2100000000000002,0.3645
image_2024-04-10_16:59:04_754010.jpeg,1.2100000000000002,0.3645
image_2024-04-10_16:59:04_888691.jpeg,0.0,0.3645
image_2024-04-10_16:59:05_024433.jpeg,0.0,0.3645
image_2024-04-10_16:59:05_154720.jpeg,0.0,0.3645
image_2024-04-10_16:59:05_290694.jpeg,1.2100000000000002,0.3645
image_2024-04-10_16:59:05_424801.jpeg,1.2100000000000002,0.3645
image_2024-04-10_16:59:05_554747.jpeg,1.2100000000000002,0.3645
image_2024-04-10_16:59:05_690941.jpeg,0.0,0.3645
image_2024-04-10_16:59:05_822411.jpeg,0.0,0.3645
image_2024-04-10_16:59:05_957629.jpeg,0.0,0.3645
image_2024-04-10_16:59:06_091291.jpeg,1.2100000000000002,0.3645
image_2024-04-10_16:59:06_225146.jpeg,0.0,0.3645
image_2024-04-10_16:59:06_355712.jpeg,0.0,0.3645
image_2024-04-10_16:59:06_491885.jpeg,0.0,0.3645
image_2024-04-10_16:59:06_625713.jpeg,0.0,0.3645
image_2024-04-10_16:59:06_757424.jpeg,0.0,0.3645
image_2024-04-10_16:59:06_890964.jpeg,0.0,0.3645
image_2024-04-10_16:59:07_026448.jpeg,0.0,0.3645
image_2024-04-10_16:59:07_158158.jpeg,0.0,0.3645
image_2024-04-10_16:59:07_291401.jpeg,0.0,0.3645
image_2024-04-10_16:59:07_425573.jpeg,0.0,0.3645
image_2024-04-10_16:59:07_558162.jpeg,0.0,0.3645
image_2024-04-10_16:59:07_692331.jpeg,0.0,0.3645
image_2024-04-10_16:59:07_827222.jpeg,0.0,0.3645
image_2024-04-10_16:59:07_958218.jpeg,0.0,0.3645
image_2024-04-10_16:59:08_092816.jpeg,0.0,0.3645
image_2024-04-10_16:59:08_226817.jpeg,0.0,0.3645
image_2024-04-10_16:59:08_355399.jpeg,0.0,0.3645
image_2024-04-10_16:59:08_492005.jpeg,0.0,0.3645
image_2024-04-10_16:59:08_626476.jpeg,0.0,0.3645
image_2024-04-10_16:59:08_756062.jpeg,1.2100000000000002,0.3645
image_2024-04-10_16:59:08_890293.jpeg,1.2100000000000002,0.3645
image_2024-04-10_16:59:09_023897.jpeg,1.2100000000000002,0.3645
image_2024-04-10_16:59:09_166433.jpeg,1.2100000000000002,0.3645
image_2024-04-10_16:59:09_294996.jpeg,0.0,0.3645
image_2024-04-10_16:59:09_427793.jpeg,0.0,0.3645
image_2024-04-10_16:59:09_557140.jpeg,1.2100000000000002,0.3645
image_2024-04-10_16:59:09_691573.jpeg,1.2100000000000002,0.3645
image_2024-04-10_16:59:09_824569.jpeg,1.2100000000000002,0.3645
image_2024-04-10_16:59:09_958291.jpeg,1.2100000000000002,0.3645
image_2024-04-10_16:59:10_091280.jpeg,1.2100000000000002,0.3645
image_2024-04-10_16:59:10_224174.jpeg,1.2100000000000002,0.3645
image_2024-04-10_16:59:10_358085.jpeg,1.2100000000000002,0.3645
image_2024-04-10_16:59:10_492491.jpeg,1.2100000000000002,0.3645
image_2024-04-10_16:59:10_623909.jpeg,1.2100000000000002,0.3645
image_2024-04-10_16:59:10_756750.jpeg,0.0,0.3645
image_2024-04-10_16:59:10_892219.jpeg,0.0,0.3645
image_2024-04-10_16:59:11_024520.jpeg,0.0,0.3645
image_2024-04-10_16:59:11_157818.jpeg,0.0,0.3645
image_2024-04-10_16:59:11_292852.jpeg,0.0,0.3645
image_2024-04-10_16:59:11_426884.jpeg,0.0,0.3645
image_2024-04-10_16:59:11_557483.jpeg,0.0,0.3645
image_2024-04-10_16:59:11_692435.jpeg,0.0,0.3645
image_2024-04-10_16:59:11_825075.jpeg,0.0,0.3645
image_2024-04-10_16:59:11_958451.jpeg,0.0,0.3645
image_2024-04-10_16:59:12_092283.jpeg,0.0,0.3645
image_2024-04-10_16:59:12_224631.jpeg,0.0,0.3645
image_2024-04-10_16:59:12_359810.jpeg,0.0,0.3645
image_2024-04-10_16:59:12_492894.jpeg,0.0,0.3645
image_2024-04-10_16:59:12_624526.jpeg,0.0,0.3645
image_2024-04-10_16:59:12_759080.jpeg,0.0,0.3645
image_2024-04-10_16:59:12_891441.jpeg,0.0,0.3645
image_2024-04-10_16:59:13_025470.jpeg,0.0,0.3645
image_2024-04-10_16:59:13_156907.jpeg,0.0,0.3645
image_2024-04-10_16:59:13_291472.jpeg,0.0,0.3645
image_2024-04-10_16:59:13_427810.jpeg,1.2100000000000002,0.3645
image_2024-04-10_16:59:13_559550.jpeg,1.2100000000000002,0.3645
image_2024-04-10_16:59:13_693213.jpeg,1.2100000000000002,0.3645
image_2024-04-10_16:59:13_825937.jpeg,1.2100000000000002,0.3645
image_2024-04-10_16:59:13_958056.jpeg,1.2100000000000002,0.3645
image_2024-04-10_16:59:14_093500.jpeg,1.2100000000000002,0.3645
image_2024-04-10_16:59:14_226906.jpeg,1.2100000000000002,0.3645
image_2024-04-10_16:59:14_358972.jpeg,0.0,0.3645
image_2024-04-10_16:59:14_493398.jpeg,0.0,0.3645
image_2024-04-10_16:59:14_625530.jpeg,0.0,0.3645
image_2024-04-10_16:59:14_757858.jpeg,0.0,0.3645
image_2024-04-10_16:59:14_891449.jpeg,1.2100000000000002,0.3645
image_2024-04-10_16:59:15_028503.jpeg,1.2100000000000002,0.3645
image_2024-04-10_16:59:15_158654.jpeg,1.2100000000000002,0.3645
image_2024-04-10_16:59:15_292253.jpeg,1.2100000000000002,0.3645
image_2024-04-10_16:59:15_428153.jpeg,1.2100000000000002,0.3645
image_2024-04-10_16:59:15_559985.jpeg,1.2100000000000002,0.3645
image_2024-04-10_16:59:15_694251.jpeg,0.0,0.3645
image_2024-04-10_16:59:15_826351.jpeg,0.0,0.3645
image_2024-04-10_16:59:15_959734.jpeg,1.2100000000000002,0.3645
image_2024-04-10_16:59:16_095043.jpeg,1.2100000000000002,0.3645
image_2024-04-10_16:59:16_226092.jpeg,1.2100000000000002,0.3645
image_2024-04-10_16:59:16_360399.jpeg,1.2100000000000002,0.3645
image_2024-04-10_16:59:16_492232.jpeg,0.0,0.3645
image_2024-04-10_16:59:16_629396.jpeg,0.0,0.3645
image_2024-04-10_16:59:16_761237.jpeg,0.0,0.3645
image_2024-04-10_16:59:16_894910.jpeg,0.0,0.3645
image_2024-04-10_16:59:17_026721.jpeg,0.0,0.3645
image_2024-04-10_16:59:17_159439.jpeg,1.2100000000000002,0.3645
image_2024-04-10_16:59:17_294036.jpeg,1.2100000000000002,0.3645
image_2024-04-10_16:59:17_429819.jpeg,1.2100000000000002,0.3645
image_2024-04-10_16:59:17_558256.jpeg,1.2100000000000002,0.3645
image_2024-04-10_16:59:17_695632.jpeg,0.0,0.3645
image_2024-04-10_16:59:17_826857.jpeg,0.0,0.3645
image_2024-04-10_16:59:17_960758.jpeg,1.2100000000000002,0.3645
image_2024-04-10_16:59:18_095270.jpeg,1.2100000000000002,0.3645
image_2024-04-10_16:59:18_229109.jpeg,1.2100000000000002,0.3645
image_2024-04-10_16:59:18_362533.jpeg,1.2100000000000002,0.3645
image_2024-04-10_16:59:18_494608.jpeg,1.2100000000000002,0.3645
image_2024-04-10_16:59:18_628732.jpeg,1.2100000000000002,0.3645
image_2024-04-10_16:59:18_761099.jpeg,1.2100000000000002,0.3645
image_2024-04-10_16:59:18_893351.jpeg,1.2100000000000002,0.3645
image_2024-04-10_16:59:19_029592.jpeg,1.2100000000000002,0.3645
image_2024-04-10_16:59:19_158958.jpeg,1.2100000000000002,0.3645
image_2024-04-10_16:59:19_295777.jpeg,1.2100000000000002,0.3645
image_2024-04-10_16:59:19_427674.jpeg,0.0,0.3645
image_2024-04-10_16:59:19_559513.jpeg,-1.2100000000000002,0.3645
image_2024-04-10_16:59:19_693369.jpeg,-1.2100000000000002,0.3645
image_2024-04-10_16:59:19_828033.jpeg,-1.2100000000000002,0.3645
image_2024-04-10_16:59:19_959884.jpeg,-1.2100000000000002,0.3645
image_2024-04-10_16:59:20_092983.jpeg,0.0,0.3645
image_2024-04-10_16:59:20_226924.jpeg,0.0,0.3645
image_2024-04-10_16:59:20_361715.jpeg,0.0,0.3645
